{
    "MSE": 0.5072695057164999,
    "R2": 0.33760214095813834
}