{"MSE": 0.5178363563772256, "R2": 0.34647498390395925}